
    {
        "tea1": [20, 26.824179, 34.488882, 42.576089, 51.106866, 60.103222],
        "plazoMin": 1,
        "plazoMax": 360,
        "index1": [0, 6, 12],
        "index2": [0, 0.5, 1]
    }